{
  "computed_at": "2026-04-12T03:08:28.570293+00:00",
  "total_scored": 335017,
  "mean_score": 21.62912372377165,
  "pct_high_risk": 0.11163612592793798,
  "pct_medium_risk": 3.684887632567899,
  "pct_low_risk": 96.20347624150416
}